filtered,count
data,1980
experience,418
analysis,215
years,214
business,179
analytics,117
working,117
analyst,114
quality,107
systems,101
analyze,100
reporting,95
sql,93
support,83
management,82
using,78
team,78
tools,75
work,71
skills,70
sources,70
sets,69
including,68
large,66
reports,63
insights,63
visualization,61
develop,59
complex,58
ability,55
new,52
perform,52
strong,51
role,50
research,50
ensure,50
provide,49
identify,48
advanced,47
related,47
analyzing,45
understanding,44
knowledge,44
analytical,43
5,42
drive,42
modeling,40
analysts,40
build,39
teams,38
minimum,38
product,38
help,37
tableau,37
processes,37
process,37
detail,37
multiple,36
within,36
use,36
attention,34
engineering,34
create,34
science,34
collection,33
3,33
technical,33
various,33
dashboards,32
internal,32
bi,32
required,32
solutions,31
excel,31
models,30
3-5,30
requirements,30
requests,29
mining,29
report,29
responsible,29
system,28
2+,28
field,28
accuracy,28
stakeholders,28
maintain,28
key,27
marketing,27
&,27
actionable,27
problems,26
needs,26
must,26
,26
manage,26
database,26
collect,26
etl,25
position,25
manipulation,25
developing,25
performance,25
statistical,25
quantitative,24
across,24
information,24
customer,23
governance,23
assist,23
building,23
warehouse,22
design,22
software,22
issues,22
data-driven,22
integrity,22
test,22
entry,22
master,22
development,22
pipelines,21
closely,21
proficiency,21
health,21
3+,21
primary,21
expert,21
relevant,21
degree,21
ad,21
asset,20
make,20
understand,20
metrics,20
2,20
financial,20
high,20
eg,20
failure,20
familiarity,19
platforms,19
well,19
making,19
analyses,19
projects,19
-,19
candidate,19
statistics,19
environment,19
partners,19
via,19
conduct,19
control,19
databases,19
existing,18
writing,18
learning,18
techniques,18
performs,18
operations,18
queries,18
analytic,17
hoc,17
procedures,17
plus,17
partner,17
investigate,17
validation,17
equivalent,17
focus,17
client,17
meet,17
intelligence,16
visualizations,16
expertise,16
warehousing,16
combination,16
technology,16
solving,16
present,16
translate,16
functional,16
project,16
healthcare,16
preferred,16
able,16
days,16
andor,15
comfort,15
python,15
sales,15
presentation,15
r,15
decisions,15
extract,15
years’,14
results,14
collaborate,14
mapping,14
products,14
cross-functional,14
efforts,14
processing,14
managing,14
market,14
trends,14
level,14
risk,13
comfortable,13
recommendations,13
querying,13
effective,13
engineers,13
provides,13
least,13
automated,13
concepts,13
demonstrated,13
problem,13
improve,13
findings,13
prepare,12
datasets,12
digital,12
document,12
questions,12
five,12
user,12
variety,12
improvements,12
check,12
required),12
services,12
programming,12
ongoing,12
5),12
secondary,12
based,12
different,12
decision,11
looking,11
5+,11
training,11
company,11
gathering,11
source,11
external,11
2-3,11
initiatives,11
program,11
excellent,11
include,11
ideal,11
etc),11
raw,11
highly,11
practices,11
matter,10
opportunities,10
service,10
senior,10
maintains,10
potential,10
power,10
year,10
integration,10
supporting,10
consulting,10
good,10
leverage,10
coordinate,10
creates,10
errors,10
review,10
strategic,10
office,10
thinking,10
strategy,10
lead,10
write,10
methods,10
deep,10
subject,10
designing,10
interpret,10
1-3,10
architecture,10
access,10
also,10
infrastructure,9
tables,9
audits,9
flow,9
deliverables,9
implementation,9
preferred),9
apply,9
predictive,9
needed,9
customers,9
bachelor's,9
conversion,9
job,9
finance,9
testing,9
thresholds,9
background,9
plan,9
time,9
conducting,9
tracking,9
maintenance,9
analyzes,9
utilizing,9
improvement,9
determine,9
interpreting,9
driven,9
monitoring,9
programs,9
qualitative,9
regular,9
microsoft,9
order,9
organization,9
education,9
scalable,9
acquire,9
produce,9
refreshes,9
accurate,9
areas,9
monitor,8
records,8
dictionary,8
passion,8
communication,8
communicate,8
people,8
used,8
especially,8
hands-on,8
consultant,8
resources,8
relationships,8
structure,8
ad-hoc,8
seeking,8
changes,8
specifications,8
extraction,8
activities,8
survey,8
end,8
economics,8
gaps,8
manipulating,8
similar,8
general,8
providing,8
checks,8
4+,8
warehouses,8
organizational,8
applications,8
implement,8
works,8
like,7
documenting,7
interface,7
individual,7
together,7
tool,7
documentation,7
global,7
cases,7
develops,7
organization's,7
google,7
enable,7
opportunity,7
one,7
three,7
includes,7
updates,7
leading,7
meaningful,7
standard,7
staff,7
define,7
specific,7
delivering,7
demonstrate,7
wide,7
manipulate,7
overall,7
tasks,7
platform,7
plans,7
capabilities,7
technologies,7
prior,7
combine,7
data),7
users,7
leveraging,7
enterprise,7
years',7
record,7
clinical,7
assigned,7
enhance,7
hands,7
paid,7
clean,7
pull,7
cleaning,7
cleansing,7
purposes,6
ingestion,6
interpretation,6
language,6
timely,6
part,6
etc,6
monthly,6
correct,6
uses,6
applying,6
views,6
take,6
domain,6
need,6
designs,6
validate,6
solve,6
supervision,6
fluency,6
creating,6
innovative,6
repetitive,6
solution,6
solid,6
members,6
organize,6
capitation,6
initiative,6
joining,6
detailed,6
preparation,6
associated,6
resolve,6
understands,6
turning,6
resolution,6
employment,6
data;,6
pulling,6
graphs,6
aggregate,6
model,6
units,6
proven,6
data-related,6
public,6
engineer,6
account,6
college,6
collects,6
story,6
unstructured,6
inventory,6
gather,6
appropriate,6
date,6
administrator,6
complete,6
current,6
effectively,6
big,6
compiles,6
evaluate,6
structured,6
levels,6
leads,6
decision-making,6
automate,5
etl),5
accurately,5
weeks,5
skill,5
debugging,5
operational,5
leave,5
derive,5
cadence,5
forms,5
depth,5
specialist,5
data:,5
flows,5
stored,5
sql-based,5
may,5
5%,5
focused,5
forecasting,5
setting,5
incumbent,5
action,5
eye,5
drawing,5
productivity,5
extracts,5
ensuring,5
duties,5
around,5
professional,5
proficient,5
brings,5
efficient,5
scripts,5
relational,5
either,5
responsibilities,5
assess,5
ideally,5
employee,5
acquisition,5
exists,5
engagement,5
modelling,5
ba,5
regarding,5
query,5
set,5
detail-oriented,5
fine,5
ie,5
necessary,5
find,5
area,5
you’ll,5
filter,5
sharing,5
shape,5
fields,5
huge,5
direct,5
server,5
identifying,5
proactively,5
liaison,5
self-service,5
exceptional,5
security,5
8,5
search,5
scientists,5
media,5
pi,5
become,5
ucla,5
community,5
performing,5
summarize,5
critical,5
competencies*,5
manager,5
including:,5
objects,5
basic,5
complexity,5
compliance,5
transforming,5
concentration,5
transform,5
capable,5
tests,5
conclusions,5
manages,5
generating,5
third,5
amounts,5
consistency,5
content,5
consolidate,5
consumers,5
leadership,5
uncover,5
policies,5
update,5
validates,5
challenges,5
1,5
close,5
clients,5
passionate,5
storytelling,5
us,5
campaign,5
growth,5
payments,5
logic,4
libraries,4
numbers,4
scale,4
pension,4
anomalies,4
dq,4
applicable,4
sas,4
extreme,4
qa,4
broader,4
algorithms,4
documents,4
school,4
consistent,4
best,4
time-critical,4
methodologies,4
better,4
industry,4
vendor,4
1+,4
identifies,4
pipeline,4
division,4
claims,4
conducts,4
answer,4
real-world,4
comprehensive,4
extracting,4
travel,4
duty,4
experimental,4
electronic,4
maintaining,4
government,4
respond,4
emphasis,4
unlimited,4
behavior,4
accept,4
"""expert",4
know,4
optimize,4
life,4
request,4
in-depth,4
retrieval,4
proper,4
enhancing,4
exploring,4
group,4
assisting,4
"""""full-stack""""",4
ecommerce,4
identification,4
completeness,4
profiling,4
logical,4
exploratory,4
or,4
reviews,4
patterns,4
compile,4
multi-dimensional,4
director,4
imports,4
captured,4
craft,4
california,4
popular,4
policy,4
creation,4
custom,4
points,4
supports,4
campaigns,4
pm,4
tackle,4
advancement,4
please,4
sme),4
previous,4
play,4
investments,4
evaluation,4
"best""",4
follow,4
following,4
following:,4
function,4
structures,4
intersect,4
studies,4
involves,4
sql),4
inconsistencies,4
spreadsheets,4
ip,4
fulfill,4
defining,4
specifically,4
mechanisms,4
full-service,4
powerhouse,4
automation,4
full-time,4
preparing,4
internally,4
learn,4
jira,4
shift,4
sheets,4
core,4
files,4
frameworks;,4
6,4
daily,4
dictionaries,4
literacy,4
file,4
warehousessql,4
digestible,4
builds,4
foundation,4
materials,4
consumer,4
databasesdata,4
continuously,4
datareport,4
generate,4
additional,4
desired,4
impact,4
available,4
fraud,4
principles,4
oversee,4
way,4
4,4
sick,4
significant,4
improves,3
questionnaires,3
formatting,3
helps,3
grow,3
examination,3
parties,3
importsexports,3
assessment,3
quantifies,3
payers,3
events,3
administration,3
partnership,3
palo,3
form,3
formally,3
assetliability,3
qlik,3
participate,3
execute,3
patient,3
appointment,3
foster,3
increase,3
preferably,3
often,3
positions,3
networks,3
generation,3
nuna,3
gathers,3
hours,3
agencies,3
production,3
influence,3
generates,3
facilitate,3
planned,3
array,3
facilitating,3
administrative,3
produces,3
gis,3
industry-leading,3
pl,3
multitasking,3
adding,3
oracle),3
extensive,3
parental,3
approval,3
performant,3
expand,3
high-quality,3
full,3
provided,3
prepares,3
person,3
of:,3
experience;,3
presents,3
implements,3
mrm,3
propose,3
ms,3
promptly,3
presentations,3
approve,3
exploration,3
implementing,3
messy,3
evaluates,3
contract,3
cover,3
manufacturing,3
talent,3
tax,3
tech,3
tell,3
telling,3
2-5,3
amount,3
2-4,3
continuous,3
alto,3
bi-weekly,3
timeliness,3
connect,3
toolsworkflows,3
topics,3
transformation,3
trending,3
troubleshoot,3
trusted,3
compensation,3
tableau),3
iteratively,3
stakeholder,3
assets,3
de-confliction,3
availability,3
day-to-day,3
start,3
meaning,3
aws,3
match,3
investment,3
cycle,3
strategies,3
streams,3
bachelor’s,3
strict,3
involving,3
master’s,3
massive,3
bachelors,3
summarizes,3
criticality,3
credit,3
issue,3
summary:,3
turn,3
basis,3
analysis;,3
beyond,3
visualizationbi,3
visualizing,3
care,3
ways,3
we,3
learnings,3
loan,3
with,3
withon,3
without,3
analyst:,3
communicates,3
workflows,3
*,3
broad,3
world-class,3
world-leading,3
#1,3
written,3
years;,3
“clean”,3
•,3
looker,3
version,3
verify,3
verification,3
unit,3
come,3
m&a,3
collecting,3
collaboratively,3
uploads,3
collaborating,3
10,3
1-5,3
coding,3
coaching,3
1-4,3
love,3
climate,3
labeling,3
clickstream,3
lakes,3
circle,3
vendormaterial,3
charts,3
analytics:,3
dealing,3
streamline,3
sql-,3
millions,3
instrumenting,3
efficiently,3
insurance,3
efficiencies,3
reviewing,3
assurance,3
editing,3
ecs-run,3
intake,3
right,3
routine,3
diverse,3
medical,3
run,3
salary,3
ansi,3
sap,3
draw,3
metric,3
domo,3
scenarios,3
intensive,3
mindset,3
instrument,3
retail,3
responsibility,3
established,3
establish,3
recent,3
month,3
equivalent),3
reconciliation,3
records),3
redlines,3
redshift,3
assists,3
monetization,3
enhancement,3
models),3
accounting,3
engaging,3
encourage,3
require,3
academic,3
requires,3
insight,3
mission,3
scientist,3
application,3
diagnose,3
intermediate,3
shifts,3
audiences,3
development;,3
department,3
detect,3
details,3
audience,3
desire,3
sessions,3
5-10,3
software;,3
similar),3
sound,3
7+,3
demand,3
seeks,3
delegate,3
deliver,3
mentor,3
automates,3
distill,3
see,3
developers,3
semantic,3
skills:,3
sending,3
source-to-target,3
snowflake,3
meetings,2
locations,2
operating,2
local,2
non-data,2
load,2
lists,2
month-end,2
lineside,2
measurement,2
months,2
monitors,2
more,2
matters,2
litigation,2
material,2
literature,2
online,2
medium,2
nerdwallet,2
motion,2
open,2
mine,2
logistics,2
nice,2
multi-disciplinary,2
amplitude,2
nuances,2
makes,2
agile,2
metadatadata,2
maintained,2
offer,2
manner,2
machine,2
migration,2
migrations,2
military,2
loves,2
non,2
aggregation,2
merging,2
aggregated,2
alongside,2
lot,2
min,2
mentors,2
lookml,2
methodology,2
motivated,2
markets,2
looker),2
made,2
bi),2
optimization,2
systemapplicationdata,2
3:11,2
success,2
successes,2
successful,2
suggest,2
suggested,2
summarizing,2
supported,2
syndicated,2
3)+,2
strategically,2
tableau);,2
25,2
20%,2
technologists,2
20,2
tells,2
temp);,2
them,2
them)*,2
stream,2
storyteller,2
optimized,2
41621,2
sharp,2
silos,2
situations,2
small,2
social,2
someone,2
sophisticated,2
sources:,2
specialized,2
sqlredash,2
story:,2
squash,2
401k),2
standards,2
stem,2
stock,2
stop,2
storage,2
stores,2
stories,2
throughout,2
thumbtack's,2
track,2
wholesale,2
vs,2
+,2
web,2
website,2
websites,2
weekly,2
weeklymonthlyquarterly,2
*proven,2
"what""""",2
windows,2
180,2
word,2
*2-4,2
workday,2
worked,2
workflow,2
"""experience",2
"""""so",2
yes,2
“data,2
volumes,2
voice,2
vm,2
visual,2
trainings,2
transactions,2
troubleshooting:,2
tuning,2
types:,2
uat,2
understandable,2
understandin,2
11000,2
universal,2
updating,2
utilization,2
utilize,2
ux,2
validating,2
varied,2
1),2
vendors,2
versed,2
serves,2
series,2
sense,2
potentially,2
pertaining,2
pfep,2
philanthropy,2
pipelining,2
planning,2
advantage,2
point,2
possible,2
posts,2
powerpoint,2
processes;,2
powers,2
predicting,2
adept,2
primarily,2
priorities,2
privacy,2
proactive,2
problem-solving,2
problematic,2
persuasive,2
personnel,2
advises,2
advocate,2
oriented,2
original,2
out-of-state,2
outcomes,2
output,2
outs,2
outside,2
oversight,2
owner,2
owners,2
ownership,2
pages,2
papers,2
park,2
participates,2
participating,2
participation,2
partners;,2
party,2
acyclic,2
procurement,2
send,2
roll-out,2
resume,2
retention,2
retired,2
retirement,2
retrieves,2
revenue,2
rich,2
roadmaps,2
robustness,2
rotor,2
productbusiness,2
runs,2
_,2
samples),2
satisfy,2
savvy,2
schedule,2
8+,2
scrubbing,2
segmentation,2
response,2
researchers,2
reported,2
replenishment,2
project’s,2
proposals,2
protection,2
act,2
purpose,2
qualifications:*,2
achieve,2
rand,2
rdbms,2
read,2
received,2
recommend,2
accredited,2
recommending,2
reconcile,2
refinery,2
regional,2
regulations,2
release,2
requested,2
managementstakeholder,2
corrections,2
computing,2
companies,2
description:,2
description,2
compare,2
deployment,2
in-house,2
competing,2
competitive,2
deploy,2
improving,2
complementing,2
demosphere,2
important,2
computer,2
base,2
essential,2
demonstrates,2
implementations,2
concerns,2
immunization,2
immediately,2
banking,2
delivers,2
excellence,2
confirm,2
hypotheses,2
conformity,2
considerable,2
excepted,2
consisting,2
descriptive,2
communications,2
hours:8,2
industries,2
clear,2
bereavement,2
ensures,2
benefits,2
enter,2
initiate,2
coaches’,2
informed,2
cohesive,2
informatics,2
behind,2
info,2
collaborates,2
inferential,2
indicators,2
designdevelop,2
collaboration,2
independently,2
auditing,2
detail;,2
collectionanalysis,2
equal,2
increased,2
designers,2
assistant,2
formats,2
committee,2
commops',2
communicating,2
assistance,2
hr,2
hour,2
classified,2
fill,2
eﬀectiveness,2
facilities,2
facing,2
getting,2
arm,2
aptitude,2
data-based,2
dashboard,2
d&s,2
gained,2
cxs,2
feeds,2
future,2
fidelity,2
creatingupdating,2
datasets;,2
finish,2
firepower,2
first,2
flag,2
cross-connection,2
flexibility,2
curriculum,2
focuses,2
following:1),2
frequent,2
currently,2
forecast,2
culture,2
cubes,2
glance,2
coverage,2
definitions,2
convert,2
hocproduction,2
hivehadoop),2
exp,2
highlight,2
defense,2
experienced,2
hfh,2
dedicated,2
contributes,2
contributing,2
heading,2
expert:,2
deadline,2
handed,2
hand-in-hand,2
extrapolate,2
hand,2
day,2
guide,2
copy,2
corporate,2
groups,2
great,2
explanatory,2
graph,2
data‐gathering,2
costs,2
explore,2
datatext,2
go,2
device,2
commercial,2
careers,2
career,2
disparities,2
campus,2
investigative,2
lake,2
candidates,2
capacity,2
"employer""",2
capture,2
disparate,2
discussions,2
bring,2
calredie,2
effectiveness,2
introducing,2
cash,2
catalog,2
enabling,2
layers,2
"""""""",2
end-to-end,2
analyst”,2
economic,2
kpis,2
employer,2
international,2
jobs,2
keeping,2
keeps,2
elicit,2
distributed,2
judgment,2
button,2
eiq’s,2
join,2
jobs@mtaltdcom,2
kinta,2
ca,2
kpi,2
knack,2
knowledgable,2
items,2
email,2
embedded,2
assumptions,2
cair,2
dod),2
cair2,2
calculations,2
center,2
keen,2
answers,2
ledger,2
letter,2
engineersscientists,2
intelligent,2
engineering),2
interest,2
chain,2
less,2
civilian,2
atleast,2
biological,2
differences,2
directions,2
directed,2
draft,2
enforcement,2
channels,2
blog,2
instrumental,2
downloading,2
enjoy,2
integrate,2
ins,2
discovery,2
biostatistician,2
easy,2
diploma,2
level:,2
school-based,1
state,1
curious,1
401k,1
safety,1
stata,1
curation,1
safe,1
d,1
dod,1
star,1
scorecards,1
db2,1
score,1
standardization,1
doctoral,1
sacramento,1
studio,1
startup,1
cultivate,1
saddleback,1
attributes,1
dax,1
4-8,1
starting,1
curate,1
stitch,1
driving,1
cutting-edge,1
4-6,1
strategize,1
satisfaction,1
baby,1
dots,1
doors,1
b2c,1
data-gathering,1
strategizing,1
stand-ups,1
aware,1
scale),1
store,1
drawn,1
step,1
salesforce,1
dataset,1
scaling,1
doing,1
doe,1
"strategy""",1
customers:,1
schedule:,1
custodians,1
drivers,1
schema,1
download,1
steward,1
share,1
dissemination,1
scratch,1
semester,1
site,1
directly,1
7:30,1
designed,1
5-7,1
discounts,1
semrush,1
semi-technical,1
skills:manipulating,1
sofi,1
skyvia,1
slice,1
slide,1
slides,1
discrepancies,1
discretion,1
selects,1
socal,1
simply,1
seo,1
designingengineering,1
detecting,1
deviations,1
developments,1
dhs,1
dice,1
audit,1
developer,1
difficult,1
attribution,1
shipping,1
shipping),1
7-10+,1
shopify,1
short,1
september,1
siemens),1
sign,1
determines,1
deployments,1
5-15,1
autonomy,1
defend,1
degree:,1
devising,1
definition,1
"defining""",1
defines,1
specs,1
spreadsheet,1
scrum,1
deep-dive,1
discretionary,1
automation),1
deck,1
scrub,1
distributions,1
automobile,1
stable,1
stadium,1
decision-makers,1
spearhead,1
searching,1
spatial,1
disseminate,1
segment),1
solr,1
dependencies,1
departments,1
5%-,1
seek,1
something,1
automating,1
sort,1
democratize,1
delivery,1
4:30,1
deliverr's,1
display,1
sourcesdata,1
space,1
spark,1
study,1
lifecycle,1
style,1
vacation,1
cleanse,1
validations,1
validity,1
validity;,1
valuable,1
value,1
variations,1
city,1
citizen,1
cima),1
cia,1
verbal,1
changing,1
chains,1
cfr,1
vertically,1
certification,1
viability,1
vice,1
centric,1
visibility,1
vision,1
central,1
visualisation,1
-8,1
vacation:,1
client's,1
visualize,1
cloud,1
unbundled,1
uncanny,1
undergraduate,1
underlying,1
11:59,1
underwriting,1
unexpected,1
command,1
be,1
unitsdepartments,1
combined,1
collectionmanagement,1
unrefined,1
unusual,1
up,1
behavioral,1
collected,1
behaviors,1
collaborative,1
upscribe),1
usable,1
useful,1
cold,1
cobol,1
coach,1
+years,1
cemetery,1
commute,1
bugs,1
budget,1
bs,1
brokers,1
broadcast,1
workstreams,1
bringing,1
worldwide,1
world’s,1
breadth,1
bowes,1
booking,1
wsch,1
yearly,1
blizzard,1
blending,1
years),1
blend,1
bit,1
bireportingdata,1
you,1
zone,1
‘r’,1
bigquery,1
“operational,1
bigger!,1
budgeting,1
workbooks,1
visuals,1
best-practices,1
causes,1
vsam,1
want,1
warehouse:,1
capturing,1
*to,1
capitalplanholdings,1
caminar,1
week),1
call,1
well!!,1
westlake,1
we’d,1
we’re,1
ca:,1
whose,1
willingness,1
windchill,1
businessmedicaideligibilityenrollmentgovernmentstate),1
businessfinancial,1
*business,1
businesses,1
businesseconomicsinformation,1
withquerying,1
business-relevant,1
communicative,1
typically,1
submission,1
surveys,1
syncing),1
cra,1
synergy’s,1
synthesize,1
synthesizes,1
synthesizing,1
3-year,1
cpg,1
3-4,1
systemsdata,1
systemssoftware,1
covid-19,1
coveo,1
course,1
county,1
tailored,1
countrytime,1
taking,1
talk,1
target),1
due,1
correcting,1
3),1
team's,1
copyedits,1
sworn,1
back,1
technician,1
surrounding,1
submit,1
submitting,1
subordinate,1
subscription,1
subsidiary,1
cto,1
crystal,1
cross-train,1
successfully,1
cross-sectional,1
cross-functionally,1
suggesting,1
suite,1
suite),1
critiques,1
creator,1
summary,1
creativity,1
supervise,1
supplier,1
supply,1
3:,1
creatingmodifyingupdating,1
362,1
created,1
23,1
techniques;,1
typical,1
title,1
1st-party,1
tools),1
configuration,1
toward,1
towards,1
toxicology,1
confidence,1
train,1
concrete,1
transactional,1
conceptual,1
transfer,1
transformed,1
15,1
translating,1
components,1
trend,1
12,1
trove's,1
trust,1
competency,1
competence,1
comparing,1
twilio,1
type,1
took,1
consolidating,1
backed,1
time;,1
convey,1
technologydata,1
conversations,1
conversational,1
controls,1
backend,1
temporarily,1
tenants,1
terabyte,1
tesla,1
contributed,1
contribute,1
contractors,1
thing,1
contracting,1
contract-to-hire,1
thorough,1
context,1
contact,1
thrives,1
consultation,1
thru,1
consultants,1
consult,1
constructing,1
saas,1
requestsreports,1
e,1
offering,1
notes,1
include:,1
appendices,1
inbound,1
objective,1
objectives,1
inaccuracies,1
obtaining,1
occasional,1
ocm,1
in-line,1
off,1
offerings,1
normalize,1
offers,1
offices,1
apple’s,1
on-going,1
on-time,1
onboarding,1
one-year,1
importance,1
import,1
implications;,1
opening,1
imperfect,1
notations,1
non-technical,1
operations),1
neer),1
influencing,1
multi-faceted,1
mungingwrangling,1
mysql),1
narratives,1
navy,1
ncmrs,1
ndt,1
independent,1
increasing,1
increases,1
aggregating,1
netsuite,1
non-standard,1
network,1
incorporate,1
aggregates,1
news,1
nextera,1
incomingoutgoing,1
nih,1
noisy,1
apis,1
includefinancial,1
non-functional,1
non-routine,1
agency,1
operator,1
apex,1
affairs,1
helping,1
appointments,1
approach,1
parsely,1
parsing,1
head,1
part-time,1
harmonize,1
happiest,1
handling,1
handle,1
affecting,1
guiding,1
high-dimensional,1
passed,1
guidelines,1
pathology,1
pathways,1
guidance,1
growth;,1
growing,1
greater,1
per,1
grasp,1
advocacy,1
granularity,1
pain,1
packages,1
identified,1
organizations,1
ideate,1
ideas,1
optimizing,1
option,1
options,1
iap,1
oracle,1
hypothesis,1
oral),1
hygiene,1
hybrid,1
hrsday),1
organization’s,1
owning,1
orientation,1
hope,1
home,1
outlier,1
hollywood,1
outputs,1
outstanding,1
historical,1
hiring,1
highly-analytical,1
higher,1
high-level,1
inform,1
morning,1
graduate,1
joint,1
analyticsscience,1
main,1
kickoff,1
kharon’s,1
analysis:,1
analyses;,1
analyse,1
keep,1
management),1
kcs,1
junior,1
managers,1
american's,1
loyalty,1
jcl,1
map,1
itsm,1
analyzingvalidating,1
marketing:,1
marketplace,1
isolate,1
mart,1
martech,1
marts,1
is&t,1
along,1
m,1
kpi's,1
irvine,1
loader,1
limitations,1
limited,1
line,1
linear,1
lines,1
analyst*,1
links,1
linuxosx,1
lending,1
little,1
live,1
llm,1
loadformatting,1
los,1
loading,1
analystquality,1
analyststechnicians,1
located,1
log,1
logging,1
layer,1
launch,1
later,1
last,1
looker);,1
analysismodeling,1
masters,1
investigations,1
moreover,1
inquiries,1
integrating,1
integrates,1
integrated,1
instruments,1
ai,1
ahrefs,1
mis,1
miscellaneous,1
insightful,1
mobility,1
mock-ups,1
agronomists,1
agreement),1
alarms,1
inputs,1
models;,1
moderate,1
modern,1
modifies,1
input,1
innovations,1
anticipate,1
initiation,1
inherent,1
ingest,1
informing,1
integrations,1
intelligenceoperations,1
investigationdata,1
interprets,1
mathematical,1
mathematics,1
allowing,1
investigating,1
max,1
maximum,1
angeles,1
intuitive,1
measure,1
intranet-based,1
interviews;,1
interrelationships,1
align,1
interacting,1
meeting,1
internships,1
internet,1
mentoring,1
internalexternal,1
annotate,1
intergrity,1
met,1
meta,1
metadata,1
interested,1
method,1
grantproposal,1
governmentstate,1
rules,1
refine,1
recommends,1
equity,1
equipped,1
recorddata,1
equipment,1
recruiting,1
recruitment,1
redding,1
environments,1
environment!,1
reduce,1
reference,1
enthusiasm,1
escalates,1
reflect,1
enterprise-wide,1
enterprise-level,1
regularly,1
associate,1
accounting),1
relates,1
relating,1
englishspanish),1
english,1
releases,1
reliably,1
erp,1
recognize,1
remain,1
r;,1
excel-based,1
quality:,1
excel),1
examples:,1
quarterly,1
queried,1
accurately;,1
example,1
event,1
evangelizing,1
evaluations,1
accuracy;,1
evaluating,1
recharge,1
rapid,1
rate,1
rather,1
accrual,1
ethics,1
re-use,1
ethic,1
ready,1
establishing,1
realize,1
realm,1
escalation,1
relocate,1
remaining,1
assessments,1
ecosystem,1
elasticsearch,1
retest,1
eiq,1
assumes,1
retrieve,1
efficientlyanalyze,1
returns,1
efficiency,1
revenues,1
abilities,1
edwards,1
revise,1
a),1
resultssupport,1
risks-,1
rma,1
robust,1
easily,1
_identify,1
roles,1
earned,1
root,1
e-commerce,1
round,1
e-business,1
routines,1
elements,1
abreast,1
remote,1
encounter,1
reoccurring,1
engineeringanalysis,1
replication),1
associating,1
reportdashboard,1
according,1
accessible,1
repository,1
energy,1
endeavors,1
requestor’s,1
lieu,1
enablement,1
resulting,1
required*,1
academia,1
empower,1
abuse,1
researches,1
researching,1
emerging,1
responds,1
eligibility,1
responses,1
elicits,1
abstract,1
excellence”,1
qaqc,1
goals,1
fp&a):produce,1
functionality,1
portfolio,1
advance,1
architect,1
possess,1
ft,1
post-modeling,1
frustratingly,1
adobeomniture,1
front-end,1
frequently,1
framing,1
powersports,1
political,1
ppt,1
practical,1
fp&a):,1
pre-,1
preclinical,1
predict,1
fp&a),1
preferable,1
formal,1
preference,1
forensics,1
forecasts,1
politics,1
fundamental,1
adhere,1
get,1
goal,1
go-to,1
phd,1
physical,1
physically,1
physics,1
git,1
advice,1
pipelines:,1
gifts,1
pitney,1
plain,1
geographic,1
fuse,1
generated,1
gathered,1
games,1
galaxy,1
player,1
plays,1
gain,1
plus),1
ga),1
pmhp,1
fusion,1
polarion,1
preferred;,1
follows,1
acquiring,1
experienceknowledge:,1
project:,1
explanation,1
explain,1
promo,1
promotion,1
experts,1
articulateexplain,1
aspects,1
proposed,1
proposing,1
proprietary,1
protected,1
protector,1
progressively,1
experience:,1
experian's,1
provider,1
experian,1
pst),1
existingnew,1
published,1
exercises,1
execution,1
exec,1
excited,1
put,1
actions,1
progress,1
address,1
process;,1
architects,1
presenting,1
president,1
archives,1
finding,1
addition,1
fbi,1
fast-paced,1
aries,1
problems;,1
adapting,1
familiar,1
fall,1
actively,1
processessystemsworkflows,1
acts,1
factors,1
activities:,1
exym,1
externally,1
exposure,1
activision,1
expose,1
proformas,1
activevideo,1
programmatic,1
目前急招,1
