filtered,count,pos
data,1987,NNS
experience,418,NN
analysis,215,NN
years,215,NNS
business,179,NN
analytics,117,NNS
working,117,VBG
analyst,114,NN
quality,107,NN
systems,101,NNS
analyze,100,NN
sql,97,NN
reporting,95,NN
management,83,NN
support,83,NN
team,78,NN
using,78,VBG
tools,76,NNS
work,71,NN
sources,70,NNS
skills,70,NNS
sets,69,NNS
including,68,VBG
large,66,JJ
insights,63,NNS
reports,63,NNS
visualization,61,NN
develop,59,VB
complex,58,JJ
ability,55,NN
5,54,CD
new,52,JJ
perform,52,NN
strong,51,JJ
research,50,NN
role,50,NN
ensure,50,VB
provide,49,NN
identify,48,VB
advanced,47,JJ
related,47,JJ
analyzing,45,VBG
understanding,44,VBG
knowledge,44,NN
required,44,VBN
analytical,43,JJ
drive,42,NN
analysts,40,NNS
tableau,40,NN
modeling,40,VBG
build,39,NN
teams,38,NNS
minimum,38,NN
product,38,NN
process,37,NN
detail,37,NN
processes,37,NNS
help,37,NN
use,36,NN
within,36,IN
engineering,36,NN
multiple,36,NN
science,34,NN
bi,34,NN
attention,34,NN
create,34,NN
3,34,CD
technical,33,JJ
models,33,NNS
various,33,JJ
collection,33,NN
dashboards,32,NNS
excel,32,NN
internal,32,JJ
solutions,31,NNS
etl,30,NN
requirements,30,NNS
5-Mar,30,JJ
report,29,NN
mining,29,NN
requests,29,NNS
responsible,29,JJ
maintain,28,NN
system,28,NN
accuracy,28,NN
2+,28,CD
field,28,NN
stakeholders,28,NNS
actionable,27,JJ
marketing,27,NN
key,27,NN
problems,26,NNS
collect,26,NN
needs,26,NNS
must,26,MD
manage,26,NN
database,26,NN
preferred,25,VBN
position,25,NN
performance,25,NN
developing,25,VBG
manipulation,25,NN
statistical,25,JJ
information,24,NN
quantitative,24,NN
across,24,IN
governance,23,NN
3+,23,CD
assist,23,NN
building,23,NN
customer,23,NN
design,22,NN
development,22,NN
data-driven,22,JJ
entry,22,NN
warehouse,22,NN
test,22,NN
software,22,NN
master,22,NN
issues,22,NNS
integrity,22,NN
degree,21,NN
health,21,NN
pipelines,21,NNS
primary,21,NN
expert,21,NN
proficiency,21,NN
relevant,21,NN
closely,21,RB
ad,21,NN
equivalent,20,NN
metrics,20,NNS
high,20,JJ
understand,20,NN
eg,20,NN
2,20,CD
make,20,VB
failure,20,NN
asset,20,NN
financial,20,JJ
candidate,19,NN
well,19,RB
statistics,19,NNS
familiarity,19,NN
environment,19,NN
analyses,19,NNS
partners,19,NNS
conduct,19,NN
projects,19,NNS
via,19,IN
databases,19,NNS
operations,19,NNS
making,19,VBG
-,19,:
platforms,19,NNS
control,19,NN
queries,18,NNS
learning,18,VBG
writing,18,VBG
performs,18,NNS
existing,18,VBG
plus,18,CC
techniques,18,NNS
meet,17,NN
investigate,17,NN
partner,17,NN
analytic,17,JJ
validation,17,NN
focus,17,NN
procedures,17,NNS
client,17,NN
etc,17,NN
hoc,17,NN
intelligence,16,NN
healthcare,16,NN
project,16,NN
technology,16,NN
translate,16,NN
functional,16,JJ
visualizations,16,NNS
able,16,JJ
solving,16,VBG
present,16,NN
combination,16,NN
warehousing,16,VBG
days,16,NNS
expertise,16,NN
sales,15,NNS
python,15,NN
presentation,15,NN
r,15,NN
decisions,15,NNS
comfort,15,NN
andor,15,NN
extract,15,NN
years,14,NN
efforts,14,NNS
managing,14,VBG
cross-functional,14,JJ
level,14,NN
trends,14,NNS
mapping,14,NN
products,14,NNS
market,14,NN
collaborate,14,NN
results,14,NNS
processing,14,NN
least,13,JJS
problem,13,NN
automated,13,VBN
concepts,13,NNS
effective,13,JJ
comfortable,13,JJ
recommendations,13,NNS
engineers,13,NNS
improve,13,VB
findings,13,NNS
risk,13,NN
demonstrated,13,VBN
querying,13,VBG
provides,13,VBZ
prepare,12,NN
based,12,VBN
variety,12,NN
programming,12,VBG
questions,12,NNS
five,12,CD
check,12,NN
services,12,NNS
ongoing,12,VBG
document,12,NN
datasets,12,NNS
secondary,12,JJ
improvements,12,NNS
user,12,NN
digital,12,NN
different,12,JJ
external,11,JJ
raw,11,NN
decision,11,NN
5+,11,CD
3-Feb,11,JJ
looking,11,VBG
ideal,11,NN
gathering,11,NN
excellent,11,NN
include,11,NN
program,11,NN
practices,11,NNS
source,11,NN
highly,11,RB
training,11,NN
records,11,NNS
company,11,NN
initiatives,11,NNS
similar,11,JJ
deep,10,NN
designing,10,VBG
strategy,10,NN
write,10,NN
supporting,10,VBG
strategic,10,JJ
access,10,NN
errors,10,NNS
thinking,10,VBG
consulting,10,VBG
subject,10,NN
creates,10,NNS
coordinate,10,NN
year,10,NN
opportunities,10,NNS
service,10,NN
leverage,10,NN
architecture,10,NN
matter,10,NN
methods,10,NNS
lead,10,NN
review,10,NN
interpret,10,NN
3-Jan,10,JJ
office,10,NN
senior,10,JJ
integration,10,NN
maintains,10,NNS
also,10,RB
power,10,NN
potential,10,JJ
good,10,JJ
conducting,9,VBG
testing,9,VBG
apply,9,VB
qualitative,9,NN
programs,9,NNS
produce,9,NN
accurate,9,NN
predictive,9,NN
microsoft,9,NN
analyzes,9,NNS
monitoring,9,NN
customers,9,NNS
needed,9,VBN
tracking,9,VBG
plan,9,NN
refreshes,9,NNS
thresholds,9,NNS
finance,9,NN
regular,9,JJ
time,9,NN
order,9,NN
organization,9,NN
conversion,9,NN
maintenance,9,NN
flow,9,NN
deliverables,9,NNS
tables,9,NNS
background,9,NN
bachelor's,9,NN
audits,9,NNS
implementation,9,NN
scalable,9,JJ
improvement,9,NN
infrastructure,9,NN
education,9,NN
driven,9,NN
utilizing,9,VBG
acquire,9,VB
job,9,NN
determine,9,NN
areas,9,NNS
interpreting,9,VBG
economics,8,NNS
seeking,8,VBG
manipulating,8,VBG
providing,8,VBG
gaps,8,NNS
general,8,JJ
specifications,8,NNS
structure,8,NN
especially,8,RB
communicate,8,NN
communication,8,NN
hands-on,8,NN
works,8,NNS
checks,8,NNS
implement,8,NN
resources,8,NNS
people,8,NNS
consultant,8,NN
passion,8,NN
relationships,8,NNS
organizational,8,JJ
survey,8,NN
dictionary,8,JJ
end,8,NN
4+,8,CD
monitor,8,NN
extraction,8,NN
ad-hoc,8,NN
used,8,VBN
changes,8,NNS
warehouses,8,NNS
applications,8,NNS
activities,8,NNS
documentation,7,NN
documenting,7,VBG
demonstrate,7,NN
like,7,IN
together,7,RB
google,7,NN
individual,7,JJ
combine,7,NN
global,7,JJ
three,7,CD
cases,7,NNS
specific,7,JJ
organization's,7,NN
one,7,CD
enterprise,7,NN
platform,7,NN
plans,7,NNS
leveraging,7,VBG
updates,7,NNS
1,7,CD
leading,7,VBG
opportunity,7,NN
develops,7,NNS
tasks,7,NNS
staff,7,NN
paid,7,NN
standard,7,NN
technologies,7,NNS
record,7,NN
prior,7,RB
interface,7,NN
users,7,NNS
wide,7,JJ
pull,7,NN
clean,7,NN
cleaning,7,NN
define,7,NN
cleansing,7,VBG
manipulate,7,NN
tool,7,NN
includes,7,VBZ
meaningful,7,NN
years',7,NN
clinical,7,JJ
overall,7,JJ
assigned,7,VBN
enhance,7,NN
capabilities,7,NNS
hands,7,NNS
delivering,7,VBG
enable,7,JJ
need,6,NN
model,6,NN
graphs,6,NN
decision-making,6,NN
units,6,NNS
repetitive,6,NN
capitation,6,NN
detailed,6,JJ
applying,6,VBG
creating,6,VBG
solve,6,NN
inventory,6,NN
designs,6,NNS
solution,6,NN
timely,6,RB
monthly,6,RB
gather,6,NN
account,6,NN
resolution,6,NN
members,6,NNS
solid,6,JJ
resolve,6,NN
date,6,NN
appropriate,6,NN
views,6,NNS
organize,6,VB
understands,6,NNS
levels,6,NNS
college,6,NN
collects,6,NNS
structured,6,VBN
preparation,6,NN
validate,6,NN
aggregate,6,NN
innovative,6,JJ
domain,6,NN
engineer,6,NN
employment,6,NN
current,6,JJ
administrator,6,NN
proven,6,NN
supervision,6,NN
public,6,NN
effectively,6,RB
uses,6,NNS
pulling,6,VBG
purposes,6,NNS
interpretation,6,NN
evaluate,6,NN
big,6,JJ
unstructured,6,JJ
initiative,6,NN
associated,6,VBN
fluency,6,NN
complete,6,JJ
compiles,6,NNS
part,6,NN
ingestion,6,NN
leads,6,NNS
turning,6,VBG
correct,6,NN
data-related,6,JJ
joining,6,VBG
language,6,NN
data;,6,NN
take,6,VB
story,6,NN
server,5,NN
debugging,5,VBG
sharing,5,VBG
shape,5,NN
data:,5,NN
cadence,5,NN
including:,5,NN
tests,5,NNS
incumbent,5,NN
set,5,NN
setting,5,VBG
campaign,5,NN
stored,5,VBN
ie,5,NN
exceptional,5,JJ
fields,5,NNS
become,5,NN
us,5,PRP
eye,5,NN
extracts,5,NNS
direct,5,JJ
exists,5,NNS
validates,5,NNS
storytelling,5,VBG
acquisition,5,NN
identifying,5,VBG
ensuring,5,VBG
8,5,CD
engagement,5,NN
employee,5,NN
summarize,5,VB
drawing,5,VBG
either,5,DT
efficient,5,NN
duties,5,NNS
filter,5,NN
basic,5,JJ
find,5,VB
fine,5,NN
skill,5,NN
ideally,5,RB
huge,5,JJ
automate,5,NN
automation,5,NN
growth,5,NN
5%,5,CD
update,5,NN
specialist,5,NN
depth,5,NN
derive,5,NN
generating,5,VBG
ba,5,NN
sql-based,5,JJ
detail-oriented,5,JJ
forms,5,NNS
forecasting,5,NN
focused,5,VBN
flows,5,NNS
self-service,5,NN
third,5,JJ
operational,5,JJ
responsibilities,5,NNS
complexity,5,NN
compliance,5,NN
concentration,5,NN
conclusions,5,NNS
assess,5,NN
objects,5,NNS
consistency,5,NN
consolidate,5,NN
transforming,5,VBG
amounts,5,NNS
necessary,5,JJ
consumers,5,NNS
content,5,NN
transform,5,NN
you,5,NN
modelling,5,VBG
media,5,NNS
may,5,MD
relational,5,NN
passionate,5,NN
manages,5,NNS
weeks,5,NNS
uncover,5,NN
query,5,NN
clients,5,NNS
close,5,RB
ucla,5,NN
proficient,5,NN
professional,5,JJ
productivity,5,NN
proactively,5,RB
competencies*,5,NN
challenges,5,NNS
accurately,5,RB
policies,5,NNS
community,5,NN
pi,5,NN
regarding,5,VBG
performing,5,VBG
payments,5,NNS
action,5,NN
brings,5,NNS
critical,5,JJ
looker,5,NN
around,5,IN
security,5,NN
capable,5,JJ
liaison,5,NN
area,5,NN
scale,5,NN
leave,5,VB
scientists,5,NNS
scripts,5,NNS
manager,5,NN
leadership,5,NN
search,5,NN
6,4,CD
algorithms,4,NN
know,4,VB
better,4,RBR
points,4,NNS
pm,4,NN
please,4,NN
play,4,NN
exploratory,4,NN
"best""",4,NN
experimental,4,NN
best,4,JJS
evaluation,4,NN
exploring,4,VBG
extracting,4,VBG
way,4,NN
pipeline,4,NN
extreme,4,NN
4,4,CD
behavior,4,NN
policy,4,NN
preparing,4,VBG
popular,4,JJ
emphasis,4,NN
ecommerce,4,NN
"""""full-stack""""",4,NN
qa,4,NN
investments,4,NNS
additional,4,JJ
internally,4,RB
involves,4,NNS
proper,4,NN
electronic,4,JJ
ip,4,NN
advancement,4,NN
profiling,4,VBG
powerhouse,4,NN
supports,4,NNS
assisting,4,VBG
"""expert",4,NN
real-world,4,NN
enhancing,4,VBG
jira,4,NN
principles,4,NNS
previous,4,JJ
studies,4,NNS
structures,4,NNS
file,4,NN
warehousessql,4,NN
identifies,4,NNS
files,4,NNS
generate,4,NN
literacy,4,NN
respond,4,NN
specifically,4,RB
sas,4,NN
logic,4,NN
sick,4,NN
multi-dimensional,4,JJ
significant,4,JJ
government,4,NN
retrieval,4,NN
logical,4,JJ
in-depth,4,NN
available,4,JJ
group,4,NN
imports,4,NNS
impact,4,NN
anomalies,4,NNS
methodologies,4,NNS
reviews,4,NNS
answer,4,NN
vendor,4,NN
mechanisms,4,NNS
maintaining,4,VBG
materials,4,NNS
applicable,4,JJ
inconsistencies,4,NNS
numbers,4,NNS
pension,4,NN
shift,4,NN
identification,4,NN
patterns,4,NNS
learn,4,NN
school,4,NN
oversee,4,NN
libraries,4,NNS
follow,4,VB
following,4,VBG
following:,4,NN
industry,4,NN
oracle,4,NN
foundation,4,NN
life,4,NN
frameworks;,4,NN
or,4,CC
fraud,4,NN
optimize,4,VB
sheets,4,NNS
fulfill,4,NN
full-service,4,NN
full-time,4,NN
function,4,NN
request,4,NN
spreadsheets,4,NNS
1+,4,CD
intersect,4,NN
sme,4,NN
daily,4,JJ
custom,4,NN
compile,4,NN
dq,4,NN
craft,4,NN
core,4,NN
accounting,4,NN
completeness,4,NN
director,4,NN
tackle,4,NN
travel,4,NN
desired,4,VBN
consistent,4,NN
defining,4,VBG
documents,4,NNS
comprehensive,4,NN
campaigns,4,NNS
broader,4,NN
division,4,NN
conducts,4,NNS
accept,4,NN
creation,4,NN
california,4,NN
databasesdata,4,NN
builds,4,NNS
datareport,4,NN
unlimited,4,JJ
captured,4,VBN
consumer,4,NN
claims,4,NNS
time-critical,4,JJ
duty,4,NN
digestible,4,JJ
dictionaries,4,NNS
continuously,4,RB
intermediate,3,NN
desire,3,NN
academic,3,JJ
tech,3,NN
improves,3,NNS
match,3,NN
bachelor’s,3,NN
instrument,3,NN
insight,3,NN
sql-,3,NN
written,3,VBN
assetliability,3,NN
bachelors,3,NNS
full,3,JJ
sessions,3,NNS
gathers,3,NNS
payers,3,NNS
troubleshoot,3,NN
compensation,3,NN
generates,3,NNS
assists,3,NNS
trusted,3,VBN
generation,3,NN
talent,3,NN
meaning,3,NN
amount,3,NN
analysis;,3,NN
instrumenting,3,VBG
master’s,3,NN
formally,3,RB
assets,3,NNS
developers,3,NNS
tax,3,NN
participate,3,VB
development;,3,NN
4-Feb,3,JJ
routine,3,NN
parties,3,NNS
workflows,3,NNS
parental,3,NN
start,3,NN
intensive,3,JJ
form,3,NN
palo,3,NN
stakeholder,3,NN
formatting,3,VBG
uploads,3,NNS
sending,3,VBG
care,3,NN
manufacturing,3,NN
detect,3,NN
details,3,NNS
partnership,3,NN
5-Feb,3,JJ
massive,3,JJ
visualizationbi,3,NN
intake,3,NN
insurance,3,NN
foster,3,NN
learnings,3,NNS
gis,3,NN
401k,3,CD
audience,3,NN
skills:,3,NN
dealing,3,VBG
mrm,3,NN
ms,3,NN
visualizing,3,VBG
de-confliction,3,NN
multitasking,3,VBG
hours,3,NNS
metric,3,JJ
retail,3,JJ
increase,3,NN
charts,3,NNS
analytics:,3,NN
audiences,3,NNS
tell,3,NN
telling,3,VBG
with,3,IN
millions,3,NNS
mission,3,NN
assurance,3,NN
importsexports,3,NNS
without,3,IN
contract,3,NN
reviewing,3,VBG
continuous,3,JJ
implements,3,NNS
implementing,3,VBG
transformation,3,NN
monetization,3,NN
withon,3,NN
mindset,3,NN
month,3,NN
verify,3,NN
snowflake,3,NN
shifts,3,NNS
analyst:,3,NN
nuna,3,NN
ansi,3,NN
influence,3,NN
mentor,3,NN
sound,3,NN
grow,3,NN
require,3,NN
demand,3,NN
of:,3,NN
source-to-target,3,NN
trending,3,VBG
often,3,RB
diagnose,3,NN
medical,3,JJ
department,3,NN
aws,3,NNS
requires,3,VBZ
connect,3,NN
vendormaterial,3,NN
industry-leading,3,NN
10,3,CD
high-quality,3,NN
responsibility,3,NN
software;,3,NN
networks,3,NNS
5-Jan,3,JJ
helps,3,NNS
day-to-day,3,NN
automates,3,NNS
right,3,NN
delegate,3,NN
messy,3,NN
deliver,3,NN
availability,3,NN
4-Jan,3,JJ
“clean”,3,NN
patient,3,NN
10-May,3,JJ
dod,3,NN
presents,3,NNS
loan,3,NN
collaboratively,3,RB
sap,3,NN
topics,3,NNS
collaborating,3,VBG
toolsworkflows,3,NNS
engaging,3,VBG
*,3,NN
enhancement,3,NN
agencies,3,NNS
#1,3,NN
years;,3,NN
domo,3,NN
presentations,3,NNS
salary,3,NN
collecting,3,VBG
prepares,3,NNS
world-leading,3,NN
establish,3,VB
established,3,VBN
diverse,3,NN
recent,3,JJ
bi-weekly,3,JJ
7+,3,CD
preferably,3,RB
evaluates,3,NNS
strict,3,NN
distill,3,NN
streams,3,NNS
streamline,3,NN
produces,3,NNS
approval,3,NN
examination,3,NN
criticality,3,NN
questionnaires,3,NNS
summary:,3,NN
provided,3,VBN
efficiently,3,RB
clickstream,3,NN
efficiencies,3,NNS
credit,3,NN
production,3,NN
broad,3,JJ
editing,3,VBG
ecs-run,3,NN
qlik,3,NN
adding,3,VBG
circle,3,NN
scientist,3,NN
administration,3,NN
administrative,3,JJ
summarizes,3,NNS
draw,3,NN
propose,3,NN
timeliness,3,NN
climate,3,NN
promptly,3,RB
approve,3,VB
lakes,3,NNS
labeling,3,VBG
cover,3,NN
coaching,3,VBG
encourage,3,NN
scenarios,3,NNS
coding,3,VBG
events,3,NNS
verification,3,NN
investment,3,NN
appointment,3,NN
quantifies,3,NNS
see,3,VB
ways,3,NNS
pl,3,NN
facilitating,3,VBG
involving,3,VBG
facilitate,3,NN
ma,3,NN
communicates,3,NNS
expand,3,NN
version,3,NN
positions,3,NNS
•,3,NN
assessment,3,NN
come,3,VB
semantic,3,JJ
redlines,3,NNS
seeks,3,NN
experience;,3,NN
turn,3,NN
execute,3,NN
extensive,3,JJ
planned,3,VBN
basis,3,NN
world-class,3,NN
iteratively,3,RB
performant,3,NN
unit,3,NN
love,3,NN
array,3,NN
beyond,3,IN
redshift,3,NN
reconciliation,3,NN
run,3,VB
alto,3,NN
issue,3,NN
person,3,NN
cycle,3,NN
application,3,NN
strategies,3,NNS
exploration,3,NN
we,3,PRP
migrations,2,NNS
copy,2,NN
migration,2,NN
visual,2,JJ
coverage,2,NN
makes,2,VBZ
roadmaps,2,NNS
20%,2,CD
mine,2,NN
ledger,2,NN
manner,2,NN
capture,2,NN
vm,2,NN
managementstakeholder,2,NN
creatingupdating,2,VBG
less,2,RBR
level:,2,NN
letter,2,NN
min,2,NN
aptitude,2,NN
military,2,JJ
20,2,CD
track,2,NN
schedule,2,NN
satisfy,2,NN
markets,2,NNS
loves,2,NNS
locations,2,NNS
trainings,2,NNS
meetings,2,NNS
career,2,NN
material,2,NN
corrections,2,NNS
convert,2,NN
universal,2,NN
robustness,2,NN
local,2,JJ
contributes,2,NNS
contributing,2,VBG
measurement,2,NN
logistics,2,NNS
answers,2,NNS
matters,2,NNS
lot,2,NN
corporate,2,JJ
runs,2,NNS
costs,2,NNS
methodology,2,NN
metadatadata,2,NNS
maintained,2,VBN
lineside,2,NN
transactions,2,NNS
yes,2,NNS
rotor,2,NN
savvy,2,NN
lookml,2,NN
lists,2,NNS
roll-out,2,NN
samples,2,NNS
rich,2,JJ
made,2,VBN
literature,2,NN
litigation,2,NN
merging,2,VBG
mentors,2,NNS
machine,2,NN
load,2,NN
medium,2,NN
knowledgable,2,JJ
revenue,2,NN
powers,2,NNS
possible,2,JJ
posts,2,NNS
website,2,NN
potentially,2,RB
websites,2,NNS
collectionanalysis,2,NN
powerpoint,2,NN
reconcile,2,NN
aggregated,2,VBN
recommending,2,VBG
agile,2,NN
recommend,2,NN
predicting,2,VBG
aggregation,2,NN
*2-4,2,NN
weekly,2,JJ
web,2,NN
chain,2,NN
commercial,2,JJ
point,2,NN
persuasive,2,NN
pertaining,2,VBG
pfep,2,NN
regional,2,JJ
philanthropy,2,NN
companies,2,NNS
alongside,2,RB
tuning,2,VBG
communications,2,NNS
refinery,2,NN
pipelining,2,VBG
planning,2,NN
communicating,2,VBG
commops',2,NN
committee,2,NN
weeklymonthlyquarterly,2,RB
received,2,VBN
180,2,CD
"""""so",2,NN
rdbms,2,NN
"what""""",2,NN
understandin,2,NN
project’s,2,NN
proposals,2,NNS
rand,2,NN
protection,2,NN
wholesale,2,NN
types:,2,NN
adept,2,NN
channels,2,NNS
clear,2,JJ
classified,2,VBN
purpose,2,NN
civilian,2,JJ
qualifications:*,2,NN
advantage,2,NN
read,2,NN
coaches’,2,NN
advises,2,NNS
primarily,2,RB
collaboration,2,NN
priorities,2,NNS
privacy,2,NN
proactive,2,NN
collaborates,2,NNS
problem-solving,2,NN
problematic,2,JJ
cohesive,2,NN
processes;,2,NN
procurement,2,NN
advocate,2,NN
"""experience",2,NN
productbusiness,2,NN
uat,2,NN
personnel,2,NNS
*proven,2,RB
compare,2,NN
conformity,2,NN
non,2,NN
non-data,2,NNS
consisting,2,VBG
considerable,2,JJ
researchers,2,NNS
nuances,2,NNS
analyst”,2,NN
confirm,2,NN
regulations,2,NNS
offer,2,NN
requested,2,VBN
volumes,2,NNS
windows,2,NNS
reported,2,VBD
vs,2,NN
online,2,NN
nice,2,JJ
response,2,NN
nerdwallet,2,NN
11000,2,CD
retrieves,2,NNS
voice,2,NN
monitors,2,NNS
month-end,2,NN
months,2,NNS
more,2,RBR
retirement,2,NN
retired,2,VBN
motion,2,NN
motivated,2,VBN
careers,2,NNS
multi-disciplinary,2,JJ
retention,2,NN
resume,2,NN
cash,2,NN
open,2,JJ
catalog,2,NN
“data,2,NNS
owner,2,NN
ownership,2,NN
release,2,NN
pages,2,NNS
papers,2,NNS
park,2,NN
complementing,2,VBG
participates,2,NNS
participating,2,VBG
participation,2,NN
competitive,2,JJ
amplitude,2,NN
partners;,2,NN
party,2,NN
+,2,NN
competing,2,VBG
owners,2,NNS
oversight,2,NN
optimization,2,NN
accredited,2,VBN
concerns,2,NNS
optimized,2,VBN
replenishment,2,NN
center,2,NN
computing,2,VBG
computer,2,NN
oriented,2,VBN
original,2,JJ
out-of-state,2,NN
outcomes,2,NNS
output,2,NN
outs,2,NNS
outside,2,IN
acyclic,2,NN
troubleshooting:,2,NN
operating,2,NN
understandable,2,JJ
immunization,2,NN
hivehadoop,2,NN
highlight,2,NN
auditing,2,VBG
essential,2,JJ
definitions,2,NNS
hfh,2,NN
systemapplicationdata,2,NNS
41621,2,CD
ca,2,MD
heading,2,VBG
distributed,2,VBN
button,2,NN
technologists,2,NNS
stream,2,NN
handed,2,VBN
hand-in-hand,2,NN
hand,2,NN
someone,2,NN
guide,2,NN
sophisticated,2,JJ
delivers,2,NNS
groups,2,NNS
excellence,2,NN
great,2,JJ
excepted,2,VBN
graph,2,NN
demonstrates,2,NNS
sources:,2,NN
strategically,2,RB
disparities,2,NNS
social,2,JJ
biological,2,JJ
varied,2,NNS
hocproduction,2,NN
cair2,2,NN
in-house,2,NN
cair,2,NN
improving,2,VBG
assumptions,2,NNS
enjoy,2,NN
important,2,JJ
silos,2,NN
atleast,2,NN
ensures,2,NNS
implementations,2,NNS
enter,2,NN
act,2,NN
dedicated,2,VBN
stem,2,NN
immediately,2,RB
temp;,2,NN
tells,2,NNS
vendors,2,NNS
defense,2,NN
situations,2,NNS
hypotheses,2,NNS
ux,2,NN
hr,2,NN
hours:8,2,NN
hour,2,NN
equal,2,JJ
biostatistician,2,NN
small,2,JJ
demosphere,2,RB
disparate,2,NN
engineersscientists,2,NNS
explore,2,NN
directions,2,NNS
formats,2,NNS
stop,2,NN
stock,2,NN
forecast,2,NN
benefits,2,NNS
following:1,2,NN
word,2,NN
focuses,2,NNS
achieve,2,NN
behind,2,IN
flexibility,2,NN
flag,2,NN
directed,2,VBN
first,2,RB
firepower,2,NN
finish,2,NN
validating,2,VBG
diploma,2,NN
banking,2,NN
extrapolate,2,NN
device,2,NN
base,2,NN
fill,2,NN
eﬀectiveness,2,NN
facilities,2,NNS
fidelity,2,NN
feeds,2,NNS
facing,2,VBG
standards,2,NNS
detail;,2,NN
discussions,2,NNS
frequent,2,NN
storyteller,2,NN
go,2,VB
glance,2,NN
deploy,2,NN
exp,2,NN
specialized,2,JJ
getting,2,VBG
deployment,2,NN
story:,2,NN
description,2,NN
tableau;,2,NN
description:,2,NN
descriptive,2,NN
discovery,2,NN
stories,2,NNS
experienced,2,JJ
designdevelop,2,NN
stores,2,NNS
expert:,2,NN
gained,2,VBN
future,2,NN
designers,2,NNS
bereavement,2,NN
sqlredash,2,NN
squash,2,NN
storage,2,NN
updating,2,VBG
explanatory,2,NN
workflow,2,NN
success,2,NN
differences,2,NNS
deadline,2,NN
keeps,2,NNS
international,2,JJ
judgment,2,NN
scrubbing,2,VBG
downloading,2,VBG
dashboard,2,NN
send,2,NN
interest,2,NN
keen,2,NN
effectiveness,2,NN
throughout,2,IN
keeping,2,VBG
intelligent,2,NN
3:11,2,CD
workday,2,NN
sense,2,NN
assistance,2,NN
syndicated,2,VBN
ds,2,NN
kinta,2,NN
series,2,NN
cubes,2,NNS
suggested,2,VBN
worked,2,VBN
knack,2,NN
"employer""",2,NN
employer,2,NN
"""""""",2,NN
cxs,2,NN
eiq’s,2,NN
_,2,NN
arm,2,NN
blog,2,NN
items,2,NNS
jobs,2,NNS
jobs@mtaltdcom,2,NN
summarizing,2,VBG
currently,2,RB
join,2,NN
curriculum,2,NN
elicit,2,NN
investigative,2,JJ
email,2,NN
embedded,2,VBN
candidates,2,NNS
campus,2,NN
suite,2,NN
introducing,2,VBG
segmentation,2,NN
draft,2,NN
them*,2,NN
them,2,PRP
instrumental,2,JJ
integrate,2,NN
serves,2,NNS
informed,2,VBN
informatics,2,NNS
successful,2,JJ
enabling,2,VBG
data‐gathering,2,VBG
info,2,NN
sharp,2,JJ
inferential,2,JJ
enforcement,2,NN
lake,2,NN
industries,2,NNS
day,2,NN
indicators,2,NNS
independently,2,RB
thumbtack's,2,NN
calculations,2,NNS
capacity,2,NN
successes,2,NNS
cross-connection,2,NN
increased,2,VBN
utilize,2,VB
shipping,2,NN
25,2,CD
easy,2,JJ
layers,2,NNS
8+,2,CD
datatext,2,NN
culture,2,NN
datasets;,2,NN
assistant,2,NN
end-to-end,2,NN
suggest,2,NN
calredie,2,NN
initiate,2,NN
kpi,2,NN
data-based,2,JJ
supported,2,VBN
utilization,2,NN
versed,2,VBN
kpis,2,NN
ins,2,NNS
bring,2,NN
economic,2,JJ
store,1,NN
refine,1,NN
surveys,1,NNS
withquerying,1,VBG
supplier,1,NN
step,1,NN
supply,1,NN
stitch,1,NN
sworn,1,NN
supervise,1,NN
steward,1,NN
queried,1,VBN
reference,1,NN
reflect,1,NN
tailored,1,VBN
usable,1,JJ
whose,1,WP$
useful,1,JJ
undergraduate,1,NN
underlying,1,VBG
reduce,1,VB
quarterly,1,RB
unexpected,1,JJ
underwriting,1,NN
systemssoftware,1,NN
uncanny,1,JJ
successfully,1,RB
workbooks,1,NNS
vacation:,1,NN
studio,1,NN
study,1,NN
style,1,NN
westlake,1,NN
realm,1,NN
submission,1,NN
submit,1,NN
vacation,1,NN
typical,1,JJ
submitting,1,VBG
summary,1,NN
subordinate,1,NN
subscription,1,NN
worldwide,1,NN
synergy’s,1,NN
synthesize,1,VB
synthesizing,1,VBG
realize,1,VB
well!!,1,NN
synthesizes,1,NNS
subsidiary,1,NN
typically,1,RB
world’s,1,NN
recharge,1,NN
we’d,1,NN
re-use,1,NN
redding,1,VBG
syncing,1,VBG
recruitment,1,NN
recruiting,1,NN
twilio,1,NN
r;,1,NN
recorddata,1,NN
type,1,NN
workstreams,1,NNS
rapid,1,JJ
rate,1,NN
ready,1,JJ
rather,1,RB
strategize,1,VB
recommends,1,NNS
week,1,NN
strategizing,1,VBG
systemsdata,1,NNS
we’re,1,NN
suggesting,1,VBG
"strategy""",1,NN
unbundled,1,JJ
recognize,1,VB
visibility,1,NN
technician,1,JJ
upscribe,1,NN
unrefined,1,JJ
transactional,1,JJ
revise,1,NN
tesla,1,NN
risks-,1,NN
share,1,NN
rma,1,NN
train,1,NN
robust,1,NN
validations,1,NNS
visualize,1,NN
roles,1,NNS
september,1,NN
root,1,NN
seo,1,NN
round,1,NN
visualisation,1,NN
terabyte,1,NN
transfer,1,NN
shopify,1,NN
visuals,1,NNS
skyvia,1,NN
skills:manipulating,1,VBG
site,1,NN
verbal,1,NN
retrieve,1,NN
returns,1,NNS
simply,1,RB
temporarily,1,RB
revenues,1,NNS
you,1,PRP
tenants,1,NNS
sign,1,NN
siemens,1,NNS
short,1,JJ
yearly,1,RB
routines,1,NNS
semrush,1,NN
semi-technical,1,JJ
thrives,1,NNS
salesforce,1,NN
scrub,1,NN
satisfaction,1,NN
scratch,1,NN
scorecards,1,NNS
thru,1,NN
scaling,1,VBG
viability,1,NN
score,1,NN
schedule:,1,NN
schema,1,NN
took,1,VBD
title,1,NN
school-based,1,JJ
vice,1,NN
scrum,1,NN
safety,1,NN
toxicology,1,NN
safe,1,JJ
rules,1,NNS
semester,1,NN
selects,1,NNS
towards,1,NNS
segment,1,NN
vertically,1,RB
seek,1,NN
thing,1,NN
saas,1,NN
thorough,1,NN
sacramento,1,NN
searching,1,VBG
vision,1,NN
saddleback,1,NN
toward,1,IN
slice,1,NN
technologydata,1,NNS
slide,1,NN
warehouse:,1,NN
standardization,1,NN
releases,1,NNS
stand-ups,1,NNS
valuable,1,JJ
stadium,1,NN
stable,1,JJ
reliably,1,RB
relocate,1,NN
spreadsheet,1,NN
remain,1,NN
remaining,1,VBG
remote,1,NN
specs,1,NN
value,1,NN
want,1,NN
team's,1,NN
star,1,NN
reoccurring,1,VBG
starting,1,VBG
state,1,NN
“operational,1,JJ
taking,1,VBG
talk,1,NN
trust,1,NN
stata,1,NNS
regularly,1,RB
trove's,1,NN
target,1,NN
validity,1,NN
willingness,1,NN
validity;,1,NN
relates,1,NNS
relating,1,VBG
startup,1,NN
windchill,1,NN
variations,1,NNS
retest,1,NN
something,1,NN
researching,1,VBG
wsch,1,NN
solr,1,NN
responds,1,NNS
unusual,1,JJ
responses,1,NNS
translating,1,VBG
sofi,1,NN
socal,1,JJ
transformed,1,VBN
resulting,1,VBG
resultssupport,1,NN
slides,1,NNS
‘r’,1,NN
zone,1,NN
researches,1,NNS
sort,1,NN
replication,1,NN
required*,1,NN
unitsdepartments,1,NNS
vsam,1,NN
time;,1,NN
reportdashboard,1,NN
spearhead,1,NN
spatial,1,JJ
spark,1,NN
space,1,NN
sourcesdata,1,NNS
repository,1,NN
up,1,RB
requestor’s,1,NN
trend,1,NN
requestsreports,1,NNS
techniques;,1,NN
surrounding,1,VBG
internships,1,NNS
quality:,1,NN
customers:,1,NN
curious,1,JJ
curation,1,NN
curate,1,NN
cultivate,1,NN
cto,1,NN
crystal,1,NN
cross-train,1,NN
cross-sectional,1,JJ
cross-functionally,1,RB
critiques,1,NNS
creator,1,NN
creativity,1,NN
creatingmodifyingupdating,1,VBG
created,1,VBN
cra,1,NN
custodians,1,NNS
cutting-edge,1,NN
covid-19,1,NN
d,1,NN
democratize,1,VB
delivery,1,NN
deliverr's,1,NN
degree:,1,NN
definition,1,NN
"defining""",1,NN
defines,1,NNS
defend,1,NN
deep-dive,1,JJ
deck,1,NN
decision-makers,1,NNS
db2,1,NN
dax,1,NN
dataset,1,NN
data-gathering,1,NN
cpg,1,NN
coveo,1,NN
dependencies,1,NNS
consult,1,NN
consolidating,1,VBG
configuration,1,NN
confidence,1,NN
concrete,1,NN
conceptual,1,JJ
components,1,NNS
competency,1,NN
competence,1,NN
comparing,1,VBG
commute,1,NN
communicative,1,NN
command,1,NN
combined,1,VBN
collectionmanagement,1,NN
collected,1,VBN
constructing,1,VBG
consultants,1,NNS
course,1,NN
consultation,1,NN
county,1,NN
countrytime,1,NN
correcting,1,VBG
copyedits,1,NNS
convey,1,NN
conversations,1,NNS
conversational,1,NN
controls,1,NNS
contributed,1,VBD
contribute,1,NN
contractors,1,NNS
contracting,1,VBG
contract-to-hire,1,NN
context,1,NN
contact,1,NN
departments,1,NNS
deployments,1,NNS
cold,1,NN
enthusiasm,1,NN
enterprise-level,1,NN
englishspanish,1,JJ
english,1,JJ
engineeringanalysis,1,NN
energy,1,NN
endeavors,1,NNS
encounter,1,NN
enablement,1,NN
empower,1,NN
emerging,1,VBG
eligibility,1,NN
elicits,1,NNS
elements,1,NNS
elasticsearch,1,NN
eiq,1,NN
enterprise-wide,1,NN
environment!,1,NN
efficiency,1,NN
environments,1,NNS
examples:,1,NN
example,1,NN
event,1,NN
evangelizing,1,VBG
evaluations,1,NNS
evaluating,1,VBG
ethics,1,NNS
ethic,1,JJ
establishing,1,VBG
escalation,1,NN
escalates,1,NNS
erp,1,NN
equity,1,NN
equipped,1,VBN
equipment,1,NN
efficientlyanalyze,1,NN
edwards,1,NNS
designed,1,VBN
disseminate,1,NN
discretionary,1,JJ
discretion,1,NN
discrepancies,1,NNS
discounts,1,NNS
directly,1,RB
difficult,1,JJ
dice,1,NN
dhs,1,NN
devising,1,VBG
deviations,1,NNS
developments,1,NNS
developer,1,NN
determines,1,NNS
detecting,1,VBG
designingengineering,1,VBG
display,1,NN
dissemination,1,NN
ecosystem,1,NN
distributions,1,NNS
easily,1,RB
earned,1,VBN
e-commerce,1,NN
e-business,1,NN
e,1,NN
due,1,JJ
driving,1,VBG
drivers,1,NNS
drawn,1,NN
download,1,NN
dots,1,NNS
doors,1,NNS
doing,1,VBG
doe,1,NN
doctoral,1,JJ
collaborative,1,NN
cobol,1,NN
qaqc,1,NN
agronomists,1,NNS
aggregating,1,VBG
aggregates,1,NNS
agency,1,NN
affecting,1,VBG
affairs,1,NNS
advocacy,1,NN
advice,1,NN
advance,1,NN
adobeomniture,1,NN
adhere,1,RB
address,1,NN
addition,1,NN
adapting,1,VBG
acts,1,NNS
activities:,1,NN
agreement,1,NN
ahrefs,1,NNS
activevideo,1,NN
ai,1,NN
angeles,1,NNS
analyzingvalidating,1,VBG
analyticsscience,1,NN
analyststechnicians,1,NNS
analystquality,1,NN
analyst*,1,NN
analysismodeling,1,VBG
analysis:,1,NN
analyses;,1,NN
analyse,1,NN
american's,1,NN
along,1,IN
allowing,1,VBG
align,1,NN
alarms,1,NNS
activision,1,NN
actively,1,RB
anticipate,1,NN
5%-,1,JJ
8-Apr,1,JJ
6-Apr,1,JJ
3:00,1,CD
362,1,CD
3-year,1,JJ
4-Mar,1,JJ
23,1,CD
1st-party,1,JJ
15,1,CD
12,1,CD
11:59,1,CD
-8,1,NN
#NAME?,1,NNS
*to,1,NN
*business,1,NN
4:30,1,CD
15-May,1,JJ
actions,1,NNS
7-May,1,JJ
acquiring,1,VBG
accurately;,1,NN
accuracy;,1,NN
accrual,1,JJ
according,1,VBG
accessible,1,JJ
academia,1,NN
abuse,1,NN
abstract,1,NN
abreast,1,NN
abilities,1,NNS
a,1,DT
_identify,1,VB
7:30,1,CD
7-10+,1,JJ
annotate,1,NN
apex,1,NN
coach,1,NN
caminar,1,NN
ca:,1,NN
businessmedicaideligibilityenrollmentgovernmentstate,1,NN
businessfinancial,1,NN
businesses,1,NNS
businesseconomicsinformation,1,NN
business-relevant,1,NN
bugs,1,NNS
budgeting,1,NN
budget,1,NN
bs,1,NN
brokers,1,NNS
broadcast,1,NN
bringing,1,VBG
breadth,1,NN
bowes,1,NN
call,1,NN
capitalplanholdings,1,NNS
blizzard,1,NN
capturing,1,VBG
cloud,1,NN
client's,1,NN
cleanse,1,NN
city,1,NN
citizen,1,NN
cima,1,NN
cia,1,NN
changing,1,VBG
chains,1,NNS
cfr,1,NN
certification,1,NN
centric,1,NN
central,1,JJ
cemetery,1,NN
causes,1,NNS
booking,1,VBG
blending,1,NN
apis,1,NN
audit,1,NN
attributes,1,NNS
assumes,1,NNS
associating,1,VBG
associate,1,NN
assessments,1,NNS
aspects,1,NNS
articulateexplain,1,NN
aries,1,NNS
archives,1,NNS
architects,1,NNS
architect,1,NN
approach,1,NN
appointments,1,NNS
apple’s,1,NN
appendices,1,NNS
attribution,1,NN
automating,1,VBG
blend,1,NN
automobile,1,NN
bit,1,NN
bireportingdata,1,NN
bigquery,1,NN
bigger!,1,NN
best-practices,1,NNS
behaviors,1,NNS
behavioral,1,JJ
be,1,VB
backend,1,NN
backed,1,VBD
back,1,RB
baby,1,NN
b2c,1,NN
aware,1,JJ
autonomy,1,NN
excel-based,1,JJ
excellence”,1,NN
excited,1,VBN
network,1,NN
neer,1,NN
ndt,1,NN
ncmrs,1,NN
navy,1,NNS
narratives,1,NNS
mysql,1,NN
mungingwrangling,1,VBG
multi-faceted,1,JJ
morning,1,NN
moreover,1,NN
modifies,1,NNS
modern,1,JJ
moderate,1,NN
models;,1,NN
mock-ups,1,NNS
netsuite,1,RB
news,1,NN
miscellaneous,1,JJ
nextera,1,NN
off,1,IN
ocm,1,NN
occasional,1,JJ
obtaining,1,VBG
objectives,1,NNS
objective,1,NN
notes,1,NNS
notations,1,NNS
normalize,1,NN
non-technical,1,JJ
non-standard,1,JJ
non-routine,1,JJ
non-functional,1,JJ
noisy,1,NN
nih,1,NN
mobility,1,NN
mis,1,NN
offerings,1,NNS
managers,1,NNS
m,1,NN
loyalty,1,NN
los,1,NN
looker;,1,NN
logging,1,VBG
log,1,NN
located,1,VBN
loading,1,VBG
loadformatting,1,VBG
loader,1,NN
llm,1,NN
live,1,JJ
little,1,JJ
linuxosx,1,NN
links,1,NNS
main,1,JJ
map,1,NN
method,1,NN
marketing:,1,NN
metadata,1,NNS
meta,1,NN
met,1,NN
mentoring,1,VBG
meeting,1,NN
measure,1,NN
maximum,1,NN
max,1,NN
mathematics,1,NNS
mathematical,1,JJ
masters,1,NNS
marts,1,NNS
martech,1,NN
mart,1,NN
marketplace,1,NN
offering,1,NN
offers,1,NNS
exec,1,NN
process;,1,NN
president,1,NN
presenting,1,VBG
preferred;,1,NN
preference,1,NN
preferable,1,JJ
predict,1,NN
preclinical,1,JJ
pre-,1,NN
practical,1,JJ
ppt,1,NN
powersports,1,NNS
post-modeling,1,NN
possess,1,NN
portfolio,1,NN
politics,1,NNS
problems;,1,NN
processessystemsworkflows,1,NNS
polarion,1,NN
proformas,1,NN
put,1,NN
published,1,VBN
pst,1,NN
provider,1,NN
protector,1,NN
protected,1,VBN
proprietary,1,JJ
proposing,1,VBG
proposed,1,VBN
promotion,1,NN
promo,1,NN
project:,1,NN
progressively,1,RB
progress,1,NN
programmatic,1,JJ
political,1,JJ
pmhp,1,NN
offices,1,NNS
owning,1,VBG
outputs,1,NNS
outlier,1,NN
orientation,1,NN
organization’s,1,NN
organizations,1,NNS
oral,1,JJ
options,1,NNS
option,1,NN
optimizing,1,VBG
operator,1,NN
opening,1,NN
one-year,1,JJ
onboarding,1,VBG
on-time,1,NN
on-going,1,NN
outstanding,1,JJ
packages,1,NNS
plays,1,NNS
pain,1,NN
player,1,NN
plain,1,NN
pitney,1,NN
pipelines:,1,NN
physics,1,NNS
physically,1,RB
physical,1,JJ
phd,1,NN
per,1,IN
pathways,1,NNS
pathology,1,NN
passed,1,VBN
part-time,1,NN
parsing,1,VBG
parsely,1,RB
lines,1,NNS
linear,1,NN
line,1,NN
greater,1,JJR
granularity,1,NN
grantproposal,1,NN
graduate,1,NN
governmentstate,1,NN
goals,1,NNS
goal,1,NN
go-to,1,NN
git,1,NN
gifts,1,NNS
get,1,VB
geographic,1,JJ
generated,1,VBN
gathered,1,VBN
games,1,NNS
galaxy,1,NN
grasp,1,NN
growing,1,VBG
ga,1,NN
growth;,1,NN
historical,1,JJ
hiring,1,VBG
highly-analytical,1,JJ
higher,1,JJR
high-level,1,NN
high-dimensional,1,JJ
helping,1,VBG
head,1,NN
harmonize,1,NN
happiest,1,NN
handling,1,VBG
handle,1,NN
guiding,1,VBG
guidelines,1,NNS
guidance,1,NN
gain,1,NN
fusion,1,NN
limited,1,JJ
familiar,1,JJ
factors,1,NNS
exym,1,NN
externally,1,RB
exposure,1,NN
expose,1,VB
explanation,1,NN
explain,1,NN
experts,1,NNS
experienceknowledge:,1,NN
experience:,1,NN
experian's,1,NN
experian,1,JJ
existingnew,1,NN
exercises,1,NNS
execution,1,NN
fall,1,NN
fast-paced,1,JJ
fuse,1,NN
fbi,1,NN
fundamental,1,JJ
functionality,1,NN
ft,1,NN
frustratingly,1,RB
front-end,1,NN
frequently,1,RB
framing,1,VBG
fpa:produce,1,NN
fpa:,1,NN
fpa,1,NN
formal,1,JJ
forensics,1,NNS
forecasts,1,NNS
follows,1,VBZ
finding,1,VBG
hollywood,1,NN
home,1,NN
hope,1,NN
ist,1,NN
irvine,1,NN
investigations,1,NNS
investigationdata,1,NN
investigating,1,VBG
intuitive,1,JJ
intranet-based,1,JJ
interviews;,1,NN
interrelationships,1,NNS
interprets,1,NNS
internet,1,NN
internalexternal,1,JJ
intergrity,1,NN
interested,1,JJ
interacting,1,VBG
intelligenceoperations,1,NNS
isolate,1,NN
itsm,1,NN
hrsday,1,NN
jcl,1,NN
limitations,1,NNS
lifecycle,1,NN
lieu,1,NN
lending,1,NN
layer,1,NN
launch,1,NN
later,1,RB
last,1,JJ
kpi's,1,NN
kickoff,1,NN
kharon’s,1,NN
keep,1,VB
kcs,1,NN
junior,1,NN
joint,1,NN
integrations,1,NNS
integrating,1,VBG
integrates,1,NNS
integrated,1,VBN
include:,1,NN
inbound,1,NN
inaccuracies,1,NNS
in-line,1,NN
importance,1,NN
import,1,NN
implications;,1,NN
imperfect,1,NN
identified,1,VBN
ideate,1,NN
ideas,1,NNS
iap,1,NN
hypothesis,1,NN
hygiene,1,NN
hybrid,1,NN
includefinancial,1,JJ
incomingoutgoing,1,VBG
incorporate,1,NN
initiation,1,NN
instruments,1,NNS
insightful,1,NN
inquiries,1,NNS
inputs,1,NNS
input,1,NN
innovations,1,NNS
inherent,1,NN
increases,1,NNS
ingest,1,NN
informing,1,VBG
inform,1,NN
influencing,1,VBG
independent,1,JJ
increasing,1,VBG
目前急招,1,NN
